{"H5AysnJw6VEVKWqkrZcSAQ==":"logo256x256-256x256.png","/mGVjzRXyZWl+aMsJbREbQ==":"jumbo1429-1429x717.png","VJ/gIteY03Y+/6hdUJMO5w==":"jumbo3833-2000x374.png","5tJp4ILB8/hY+B+H6lURzg==":"logo256x256-192x192.png","n7HW1fIow0cleW7MxnXfGQ==":"logo256x256-124x124.png","817gzdXDvuL0Zrplw97xDg==":"logo500x500notoptimised-124x124.png","gX77EJRmWdP7y89bHnhayw==":"logo256x256-164x164.png","ba914GjM7wTTVDOefFtdig==":"logo500x500notoptimised-122x122.png","Nxnf6bGnl6bW/PYvSzEaOQ==":"logo256x256-152x152.png","qx41wbC/h95Z894tWzXqdA==":"logo500x500optimised-240x240.png","Os1hpkyKHdJTZJYYSjSiXg==":"01.jpg","uPBpnz1hxCny8mL2iSXwBA==":"logo500x500optimised-1080x1080.png","CFT7DxyRz5JM/pCsiJ1jSg==":"logo500x500optimised-192x192.png","ihlkf69UyfSmhSyJ1Jvc6w==":"jumbotron.jpg","wiA/JOpw9ImBmGrfXwxcbA==":"logo500x500optimised-464x464.png","SNFmAyheDnKHSMdgEILTsQ==":"des-1775x1776.png","wWfb4DWayZStFAzdcfHU8g==":"load%20flyer-2000x2000.png","3lyCmlaNT3AcuCs6oNdg/Q==":"logo500x500notoptimised.svg","g/CL8HCMky/Nl0uDjw8JPw==":"logo500x500trans-170x170.png","9v8zeGAEPB7laCst6b1WeQ==":"1-2000x2823.png","O5jd9e2L9+9d8z22wRYvdA==":"2-2000x2823.png","a9LmMHTZ8ITIW3sm6l4/gA==":"3-2000x2823.png","Ijj5hQwPQfA5kJa+FlCXdQ==":"4-2000x2823.png","eNfg0NcFbF6iREUlWyDx2w==":"5-2000x2823.png","KqMbBvGiBds+pqNfKJidqg==":"6-2000x2823.png","xAX0/qkBCORlAETa3x8y8Q==":"7-2000x2823.png","WF+JrRDO1QKCgUdyGYybBw==":"flyer1-2000x2801.jpg","LfCcZgi9swf5REGH4D7CHw==":"flyer2-2000x2746.jpg","ijJX/fnipe+bsm1l/5YTaQ==":"logo500x500trans-240x240.png","KNpIX2KBhXtGFgo36eq7Nw==":"tefozwavingflag.gif","KycpsD+sQJIKOAZnfOKkGg==":"logo500x500notoptimised-240x240.png","ba4e2dL5A4QMjPnBzwcUdw==":"flag_of_zimbabwe.gif","FRgVTKj9639lfPKW90Lp2w==":"flyer1-1-2000x2801.jpg","9w1Ph22b970/pEyI2YhIYQ==":"flyer2-1-2000x2746.jpg","oA/yLJmU785oUvVlxAk6/Q==":"3-1.png","uf5LknPOZ7GvxhbhQOUbkQ==":"4-1.png","FdPtV56Xm5C21CAq/S1M9w==":"5-1.png","go5u6L4jlgHq2i8M88tvEQ==":"6-1.png","hzUhHXg4JDm2ynEeEN3rmA==":"7-1.png","LsaX5j2UKD8kokB8WWDrpg==":"logo500x500optimised-800x800.png","bPyZQXckp9ddFyKo3mGOgw==":"1.png","ZZyXPeSlglZI31wPrrI9Tw==":"2.png","r7b3mdJzpVEaYV9kzGCmZA==":"3.png","4EaP7n5Ze1Fev0I9wUOWbg==":"4.png","arWLgymgUDoDxuyaEgDrFg==":"5.png","ZPJLwVEQZhnezaEtYB5Gmg==":"6.png","n9liL5ZG8W3VlaxWj+Tq/g==":"7.png","+w7pBzTs2glW9GCtqEOzsA==":"8.png","q7V20/S9nAMTpflR/z8TlA==":"1-500x500.png","UOU7ryNNWAC+VFoDIR1Gag==":"2-500x500.png","B7aA9Wx4H+d1EtIXfmJgsQ==":"3-500x500.png","Z/pEfzmOaShj58VmEmJRMw==":"4-500x500.png","JziX5adN4aeqq2QRPIe58A==":"5-500x500.png","zYkgeQj+GbeQoYCvUB4pOQ==":"6-500x500.png","ySOzaGhZqiaTSJgun5+4ZA==":"7-500x500.png","rTg5NB96XC25Tj+oGdsIlg==":"8-500x500.png","xYOUnIxXNrrWhNI6sSa1nA==":"1-300x300.png","p5wJGnsdgTJjjJ7PV6eFZg==":"logo500x500optimised-192x192.png","JJEsfUsGpqKa+EYqrOOqqQ==":"background8.jpg","EY9qZEKA/kkJMmjlz6lJdQ==":"1-480x500.png","Ow/JZ8DOdvZhsVG6ldPowA==":"logo256x256-152x152.png","Hd0rvxfyQkgx9nQ1L5+VUw==":"load%20flyer-600x600.png","Sf8Xv+fde3jEDk32soNqTA==":"des-400x400.png"}